STATION_CODE,STATION_NAME,LATITUDE,LONGITUDE,NUMBER_OF_ROUTES,BIKE_CAPACITY,Cages,Hoops,Locker,Other,Parkiteer,PARKING_CAPACITY,ANNUAL_PATRONAGE,PRE_PEAK,AM_PEAK,INTERPEAK,PM_PEAK,POST_PEAK,WEEKDAY_ENTRIES,SAT_ENTRIES,SUN_ENTRIES,AVG_WEEKLY_ENTRIES,ACCESS_BUS,ACCESS_CAR,ACCESS_BIKE,ACCESS_OTHER,ACCESS_TRAIN,ACCESS_TRAM,ACCESS_WALK,PURPOSE_EDU,PURPOSE_NIL,PURPOSE_APTMNT,PURPOSE_SOCIAL,PURPOSE_TOURIST,PURPOSE_VISIT,PURPOSE_WORK
SUY,sunbury,-37.58,144.73,1.0,25.0,0.0,0.0,0.0,0.0,1.0,565.0,0.62,536.29,1040.17,398.62,271.08,53.84,2300.0,980.0,650.0,13130.0,0.0,0.0,0.0,0.0,0.0,0.0,0.0,0.0,0.0,0.0,0.0,0.0,0.0,0.0
DIT,diggers rest,-37.63,144.72,1.0,25.0,0.0,0.0,0.0,0.0,1.0,548.0,0.07,42.04,155.43,43.99,14.77,3.77,260.0,70.0,50.0,1420.0,0.0,0.0,0.0,0.0,0.0,0.0,0.0,0.0,0.0,0.0,0.0,0.0,0.0,0.0
GIR,glen iris,-37.86,145.06,1.0,6.0,0.0,0.0,6.0,0.0,0.0,70.0,0.31,46.22,528.97,205.04,318.02,41.76,1140.0,500.0,330.0,6530.0,0.16,0.41,0.0,0.0,0.08,0.06,0.28,0.16,0.01,0.13,0.03,0.07,0.01,0.59
DLG,darling,-37.87,145.06,1.0,0.0,0.0,0.0,0.0,0.0,0.0,309.0,0.3,47.49,676.14,181.83,125.93,28.61,1060.0,430.0,290.0,6020.0,0.0,0.53,0.0,0.0,0.0,0.0,0.47,0.19,0.01,0.03,0.12,0.0,0.04,0.62
EMV,east malvern,-37.88,145.07,1.0,32.0,0.0,0.0,6.0,0.0,1.0,676.0,0.47,107.67,1181.69,232.32,148.04,30.27,1700.0,620.0,410.0,9530.0,0.0,0.84,0.0,0.0,0.0,0.0,0.16,0.18,0.0,0.02,0.04,0.0,0.06,0.7
HOL,holmesglen,-37.87,145.09,1.0,10.0,0.0,0.0,10.0,0.0,0.0,195.0,0.66,133.06,899.57,606.99,554.53,125.85,2320.0,1110.0,800.0,13510.0,0.12,0.22,0.0,0.0,0.07,0.0,0.59,0.37,0.0,0.07,0.06,0.02,0.01,0.47
JOR,jordanville,-37.87,145.11,1.0,10.0,0.0,0.0,10.0,0.0,0.0,155.0,0.32,83.53,627.82,214.46,139.69,34.5,1100.0,600.0,430.0,6530.0,0.11,0.38,0.0,0.01,0.0,0.0,0.5,0.17,0.02,0.05,0.06,0.01,0.06,0.63
FGS,flagstaff,-37.81,144.96,15.0,0.0,0.0,0.0,0.0,0.0,0.0,0.0,4.58,49.05,652.41,2518.94,14548.2,1521.38,19290.0,0.0,0.0,96450.0,0.0,0.0,0.0,0.0,0.39,0.03,0.57,0.09,0.1,0.05,0.02,0.0,0.02,0.72
MCE,melbourne central,-37.81,144.96,15.0,0.0,0.0,0.0,0.0,0.0,0.0,0.0,15.93,153.65,1398.9,10799.81,32171.29,10506.35,55030.0,26950.0,20610.0,322710.0,0.0,0.0,0.0,0.0,0.03,0.13,0.83,0.32,0.03,0.04,0.11,0.01,0.05,0.45
PAR,parliament,-37.81,144.97,15.0,0.0,0.0,0.0,0.0,0.0,0.0,0.0,10.96,115.16,1241.44,5846.17,30599.13,4588.1,42390.0,7930.0,5910.0,225790.0,0.0,0.02,0.0,0.0,0.08,0.13,0.77,0.07,0.01,0.05,0.02,0.0,0.02,0.84
BEG,belgrave,-37.91,145.36,1.0,26.0,0.0,0.0,4.0,0.0,1.0,170.0,0.36,175.03,473.36,257.06,284.57,29.98,1220.0,690.0,540.0,7330.0,0.16,0.39,0.0,0.01,0.04,0.0,0.4,0.28,0.01,0.06,0.19,0.07,0.08,0.32
TCM,tecoma,-37.91,145.34,1.0,0.0,0.0,0.0,0.0,0.0,0.0,0.0,0.07,26.41,128.34,45.5,23.35,6.4,230.0,110.0,80.0,1340.0,0.01,0.46,0.0,0.0,0.04,0.0,0.49,0.12,0.04,0.14,0.11,0.0,0.05,0.55
UPW,upwey,-37.9,145.33,1.0,0.0,0.0,0.0,0.0,0.0,0.0,0.0,0.15,74.65,246.95,114.62,98.22,15.55,550.0,230.0,140.0,3120.0,0.17,0.29,0.0,0.0,0.01,0.0,0.53,0.19,0.0,0.19,0.04,0.0,0.19,0.39
ALM,alamein,-37.87,145.08,1.0,0.0,0.0,0.0,0.0,0.0,0.0,0.0,0.15,42.59,327.69,105.14,61.17,13.41,550.0,200.0,150.0,3100.0,0.0,0.11,0.01,0.0,0.0,0.0,0.88,0.31,0.0,0.07,0.09,0.0,0.02,0.51
ASH,ashburton,-37.86,145.08,1.0,9.0,0.0,1.0,6.0,0.0,0.0,252.0,0.29,86.83,635.54,187.5,123.31,26.83,1060.0,350.0,240.0,5890.0,0.08,0.45,0.02,0.0,0.01,0.0,0.44,0.23,0.01,0.02,0.12,0.0,0.02,0.61
BWD,burwood,-37.85,145.08,1.0,0.0,0.0,0.0,0.0,0.0,0.0,184.0,0.35,71.19,807.91,214.53,188.99,27.37,1310.0,380.0,240.0,7170.0,0.0,0.42,0.01,0.0,0.0,0.14,0.43,0.21,0.02,0.08,0.05,0.03,0.02,0.59
HWL,hartwell,-37.84,145.08,1.0,0.0,0.0,0.0,0.0,0.0,0.0,0.0,0.21,35.8,468.27,131.43,94.16,20.34,750.0,270.0,180.0,4200.0,0.0,0.12,0.0,0.0,0.01,0.02,0.85,0.3,0.01,0.05,0.07,0.0,0.0,0.56
WSN,willison,-37.84,145.07,1.0,0.0,0.0,0.0,0.0,0.0,0.0,0.0,0.09,26.93,211.22,54.61,31.79,5.45,330.0,100.0,60.0,1810.0,0.0,0.12,0.0,0.0,0.01,0.0,0.87,0.15,0.02,0.1,0.03,0.02,0.0,0.67
RIV,riversdale,-37.83,145.07,1.0,0.0,0.0,0.0,0.0,0.0,0.0,139.0,0.23,43.31,515.93,137.02,250.35,13.38,960.0,160.0,100.0,5060.0,0.0,0.31,0.0,0.0,0.08,0.19,0.42,0.23,0.01,0.01,0.03,0.03,0.14,0.56
CAM,camberwell,-37.83,145.06,3.0,6.0,0.0,0.0,6.0,0.0,0.0,75.0,2.0,185.68,2186.57,1283.07,2626.62,458.06,6740.0,3390.0,3270.0,40360.0,0.0,0.13,0.0,0.0,0.2,0.08,0.59,0.18,0.03,0.04,0.02,0.01,0.03,0.68
FSS,flinders street,-37.82,144.97,16.0,0.0,0.0,0.0,0.0,0.0,0.0,0.0,27.96,664.66,4603.83,17900.9,53506.9,15413.7,92090.0,53680.0,41710.0,555840.0,0.01,0.0,0.0,0.0,0.32,0.14,0.53,0.18,0.01,0.1,0.08,0.02,0.07,0.54
FKN,frankston,-38.14,145.13,2.0,74.0,0.0,1.0,16.0,1.0,2.0,413.0,1.67,881.15,1712.04,1404.23,1098.11,184.48,5280.0,3810.0,2890.0,33100.0,0.25,0.41,0.0,0.0,0.06,0.0,0.28,0.19,0.0,0.13,0.2,0.01,0.06,0.41
KAN,kananook,-38.12,145.14,1.0,0.0,0.0,0.0,0.0,0.0,0.0,136.0,0.33,182.65,552.49,258.81,164.92,31.13,1190.0,500.0,340.0,6790.0,0.17,0.45,0.02,0.0,0.01,0.0,0.34,0.15,0.0,0.13,0.1,0.01,0.07,0.54
SEA,seaford,-38.1,145.13,1.0,39.0,0.0,1.0,8.0,0.0,1.0,477.0,0.45,327.94,754.7,258.55,162.67,36.13,1540.0,780.0,530.0,9010.0,0.03,0.55,0.03,0.0,0.02,0.0,0.37,0.09,0.0,0.04,0.17,0.0,0.04,0.66
CAR,carrum,-38.07,145.12,1.0,19.0,0.0,2.0,10.0,0.0,0.0,220.0,0.44,234.67,719.44,301.52,182.96,41.41,1480.0,830.0,560.0,8790.0,0.03,0.48,0.0,0.0,0.0,0.0,0.49,0.13,0.0,0.2,0.07,0.0,0.01,0.59
BON,bonbeach,-38.06,145.12,1.0,0.0,0.0,0.0,0.0,0.0,0.0,35.0,0.21,89.42,385.45,144.44,70.75,19.94,710.0,390.0,260.0,4200.0,0.0,0.35,0.0,0.0,0.0,0.0,0.65,0.16,0.03,0.04,0.1,0.0,0.04,0.63
CSA,chelsea,-38.05,145.12,1.0,16.0,0.0,0.0,6.0,2.0,0.0,198.0,0.51,182.23,785.96,421.18,263.21,67.42,1720.0,980.0,680.0,10260.0,0.06,0.36,0.01,0.05,0.03,0.0,0.49,0.08,0.01,0.11,0.21,0.0,0.1,0.49
EDI,edithvale,-38.04,145.11,1.0,0.0,0.0,0.0,0.0,0.0,0.0,34.0,0.31,95.65,574.19,210.18,130.68,39.3,1050.0,590.0,390.0,6230.0,0.14,0.26,0.02,0.0,0.0,0.0,0.59,0.09,0.01,0.05,0.23,0.0,0.1,0.52
ASP,aspendale,-38.03,145.1,1.0,0.0,0.0,0.0,0.0,0.0,0.0,78.0,0.23,69.18,463.92,146.11,105.86,24.93,810.0,400.0,260.0,4710.0,0.0,0.52,0.01,0.0,0.0,0.0,0.47,0.09,0.0,0.06,0.06,0.0,0.05,0.73
MOR,mordialloc,-38.01,145.09,1.0,20.0,0.0,0.0,20.0,0.0,0.0,220.0,0.68,207.13,1074.46,463.87,451.61,102.94,2300.0,1330.0,930.0,13760.0,0.07,0.37,0.01,0.0,0.0,0.0,0.55,0.16,0.0,0.15,0.25,0.0,0.04,0.41
PKD,parkdale,-37.99,145.08,1.0,0.0,0.0,0.0,0.0,0.0,0.0,0.0,0.39,82.67,653.62,285.64,315.78,42.28,1380.0,670.0,430.0,8000.0,0.16,0.29,0.01,0.0,0.02,0.0,0.51,0.23,0.0,0.02,0.05,0.0,0.01,0.68
MEN,mentone,-37.98,145.07,1.0,12.0,0.0,1.0,8.0,0.0,0.0,272.0,0.9,207.97,1253.31,646.44,1048.86,123.43,3280.0,1420.0,950.0,18770.0,0.23,0.0,0.0,0.0,0.0,0.0,0.77,0.0,0.0,0.0,0.62,0.0,0.38,0.0
CTM,cheltenham,-37.97,145.05,1.0,41.0,0.0,0.0,16.0,0.0,1.0,356.0,0.96,242.65,1477.46,638.41,709.77,171.71,3240.0,1790.0,1240.0,19230.0,0.08,0.26,0.03,0.0,0.02,0.0,0.6,0.16,0.0,0.11,0.15,0.0,0.02,0.57
UFG,upper ferntree gully,-37.89,145.31,1.0,8.0,0.0,0.0,8.0,0.0,0.0,308.0,0.25,129.08,451.74,154.19,118.41,26.58,880.0,390.0,290.0,5080.0,0.15,0.46,0.0,0.03,0.06,0.0,0.31,0.29,0.01,0.16,0.08,0.02,0.03,0.41
FTG,ferntree gully,-37.88,145.3,1.0,47.0,0.0,0.0,21.0,0.0,1.0,401.0,0.43,236.92,924.33,249.99,183.54,35.22,1630.0,520.0,370.0,9040.0,0.1,0.55,0.0,0.02,0.01,0.0,0.32,0.22,0.0,0.12,0.08,0.0,0.0,0.58
BOR,boronia,-37.86,145.28,1.0,25.0,0.0,0.0,0.0,0.0,1.0,394.0,0.63,311.46,1206.07,453.83,271.04,67.6,2310.0,970.0,650.0,13170.0,0.18,0.43,0.01,0.0,0.01,0.0,0.37,0.21,0.0,0.09,0.1,0.01,0.08,0.51
BAY,bayswater,-37.84,145.27,1.0,46.0,0.0,1.0,0.0,0.0,1.0,393.0,0.5,228.41,955.32,294.68,290.56,61.03,1830.0,680.0,460.0,10290.0,0.04,0.55,0.05,0.0,0.01,0.0,0.36,0.19,0.04,0.08,0.12,0.0,0.0,0.56
HMT,heathmont,-37.83,145.24,1.0,0.0,0.0,0.0,0.0,0.0,0.0,112.0,0.24,89.67,536.49,142.49,142.07,19.28,930.0,300.0,190.0,5140.0,0.01,0.34,0.02,0.0,0.0,0.0,0.63,0.1,0.0,0.08,0.15,0.0,0.03,0.64
HIG,highett,-37.95,145.04,1.0,26.0,0.0,0.0,0.0,0.0,1.0,116.0,0.45,97.38,716.41,325.9,322.18,78.13,1540.0,870.0,580.0,9150.0,0.1,0.22,0.01,0.01,0.0,0.0,0.67,0.17,0.02,0.11,0.12,0.0,0.05,0.52
GWY,glen waverley,-37.88,145.16,1.0,29.0,0.0,1.0,0.0,0.0,1.0,332.0,1.69,544.87,2735.76,1184.67,887.69,257.02,5610.0,3290.0,2580.0,33920.0,0.22,0.47,0.01,0.0,0.01,0.0,0.3,0.26,0.02,0.09,0.05,0.0,0.1,0.49
SYN,syndal,-37.88,145.15,1.0,26.0,0.0,0.0,0.0,1.0,1.0,585.0,0.69,272.24,1372.67,387.02,333.0,65.06,2430.0,1050.0,740.0,13940.0,0.1,0.35,0.0,0.0,0.03,0.0,0.52,0.23,0.0,0.04,0.09,0.0,0.03,0.6
MWY,mount waverley,-37.88,145.13,1.0,17.0,0.0,0.0,8.0,1.0,0.0,214.0,0.69,184.82,1156.29,481.03,510.39,67.48,2400.0,1220.0,880.0,14100.0,0.07,0.5,0.0,0.03,0.01,0.0,0.39,0.24,0.03,0.08,0.13,0.0,0.05,0.47
LIL,lilydale,-37.76,145.35,1.0,17.0,0.0,1.0,12.0,0.0,0.0,531.0,0.67,354.35,989.81,511.69,427.99,66.15,2350.0,1190.0,860.0,13800.0,0.23,0.51,0.02,0.0,0.02,0.0,0.22,0.28,0.0,0.1,0.07,0.0,0.09,0.47
MLK,mooroolbark,-37.78,145.31,1.0,6.0,0.0,1.0,0.0,0.0,0.0,475.0,0.64,423.66,1273.32,395.03,232.19,45.8,2370.0,920.0,580.0,13350.0,0.02,0.63,0.02,0.02,0.0,0.0,0.31,0.26,0.0,0.13,0.06,0.03,0.05,0.48
CDN,croydon,-37.8,145.28,1.0,29.0,0.0,0.0,4.0,0.0,1.0,290.0,0.82,429.7,1471.59,606.47,421.09,71.14,3000.0,1240.0,760.0,17000.0,0.25,0.4,0.0,0.0,0.02,0.0,0.32,0.32,0.0,0.11,0.1,0.0,0.02,0.46
RWE,ringwood east,-37.81,145.25,1.0,8.0,0.0,0.0,8.0,0.0,0.0,460.0,0.4,167.8,924.41,257.81,182.88,27.1,1560.0,450.0,280.0,8530.0,0.01,0.51,0.0,0.0,0.01,0.0,0.46,0.25,0.05,0.02,0.07,0.01,0.04,0.55
PKM,pakenham,-38.08,145.49,1.0,30.0,0.0,1.0,0.0,0.0,1.0,364.0,0.56,461.17,698.3,375.66,306.63,68.24,1910.0,1040.0,740.0,11330.0,0.06,0.62,0.03,0.0,0.04,0.0,0.25,0.2,0.0,0.05,0.07,0.0,0.13,0.54
OFC,officer,-38.07,145.41,1.0,0.0,0.0,0.0,0.0,0.0,0.0,162.0,0.02,12.75,30.64,11.71,13.62,1.28,70.0,20.0,20.0,390.0,0.0,0.67,0.0,0.0,0.03,0.0,0.3,0.13,0.02,0.0,0.1,0.0,0.11,0.65
BFD,beaconsfield,-38.05,145.37,1.0,0.0,0.0,0.0,0.0,0.0,0.0,341.0,0.21,193.26,367.53,119.19,147.03,13.0,840.0,200.0,130.0,4530.0,0.04,0.65,0.08,0.0,0.0,0.0,0.23,0.14,0.01,0.06,0.1,0.0,0.09,0.6
BEW,berwick,-38.04,145.35,1.0,41.0,0.0,0.0,15.0,0.0,1.0,937.0,0.83,615.61,1361.99,545.14,605.18,62.09,3190.0,900.0,590.0,17440.0,0.11,0.5,0.0,0.01,0.01,0.0,0.36,0.33,0.0,0.09,0.04,0.0,0.06,0.48
NWA,narre warren,-38.03,145.3,1.0,26.0,0.0,0.0,7.0,0.0,1.0,717.0,0.79,580.71,1370.97,470.42,308.24,99.66,2830.0,1100.0,770.0,16020.0,0.2,0.57,0.01,0.02,0.02,0.0,0.19,0.35,0.0,0.08,0.04,0.0,0.0,0.54
HLM,hallam,-38.02,145.27,1.0,25.0,0.0,0.0,0.0,0.0,1.0,590.0,0.61,440.98,1200.37,333.4,286.44,48.8,2310.0,660.0,440.0,12650.0,0.14,0.62,0.0,0.04,0.04,0.0,0.15,0.3,0.09,0.07,0.02,0.0,0.02,0.5
CBE,cranbourne,-38.1,145.28,1.0,44.0,0.0,0.0,18.0,1.0,1.0,683.0,0.6,480.02,942.87,424.51,229.48,53.12,2130.0,900.0,630.0,12180.0,0.28,0.49,0.0,0.02,0.0,0.0,0.21,0.19,0.0,0.07,0.09,0.0,0.03,0.61
MPK,merinda park,-38.08,145.26,1.0,0.0,0.0,0.0,0.0,0.0,0.0,204.0,0.31,240.55,639.87,178.57,80.6,20.41,1160.0,370.0,260.0,6430.0,0.02,0.73,0.02,0.0,0.03,0.0,0.2,0.22,0.0,0.08,0.12,0.01,0.01,0.57
DNG,dandenong,-37.99,145.21,2.0,0.0,0.0,0.0,0.0,0.0,0.0,448.0,2.39,545.44,2278.5,2237.67,2693.41,544.98,8300.0,4340.0,3010.0,48850.0,0.31,0.27,0.01,0.01,0.12,0.0,0.29,0.25,0.02,0.14,0.06,0.0,0.07,0.46
YMN,yarraman,-37.98,145.19,2.0,0.0,0.0,0.0,0.0,0.0,0.0,255.0,0.28,102.01,450.98,263.09,162.43,31.48,1010.0,410.0,310.0,5770.0,0.02,0.46,0.02,0.01,0.03,0.0,0.46,0.37,0.01,0.07,0.09,0.0,0.01,0.45
NPK,noble park,-37.97,145.18,2.0,23.0,0.0,1.0,18.0,0.0,0.0,331.0,1.06,407.59,1518.55,940.67,769.6,153.59,3790.0,1690.0,1210.0,21850.0,0.05,0.31,0.0,0.0,0.03,0.0,0.61,0.17,0.0,0.04,0.3,0.0,0.08,0.41
SNP,sandown park,-37.96,145.16,2.0,8.0,0.0,0.0,8.0,0.0,0.0,560.0,0.53,193.47,1140.09,359.47,164.0,42.96,1900.0,700.0,540.0,10740.0,0.0,0.73,0.0,0.0,0.0,0.0,0.27,0.29,0.01,0.07,0.06,0.0,0.02,0.56
ECM,east camberwell,-37.83,145.07,2.0,0.0,0.0,0.0,0.0,0.0,0.0,60.0,0.25,27.94,404.27,194.29,351.89,21.61,1000.0,280.0,180.0,5460.0,0.0,0.2,0.0,0.0,0.06,0.0,0.74,0.13,0.0,0.13,0.13,0.02,0.0,0.59
CBY,canterbury,-37.82,145.08,2.0,0.0,0.0,0.0,0.0,0.0,0.0,125.0,0.38,72.41,663.94,267.13,331.56,44.96,1380.0,570.0,400.0,7870.0,0.0,0.35,0.02,0.0,0.02,0.0,0.61,0.2,0.0,0.04,0.04,0.0,0.03,0.69
CHM,chatham,-37.82,145.09,2.0,0.0,0.0,0.0,0.0,0.0,0.0,8.0,0.24,47.42,479.28,162.05,134.68,26.57,850.0,340.0,230.0,4820.0,0.0,0.31,0.02,0.0,0.0,0.0,0.67,0.28,0.01,0.02,0.08,0.0,0.01,0.6
SHL,surrey hills,-37.82,145.1,2.0,49.0,0.0,1.0,12.0,0.0,1.0,357.0,0.82,247.14,1833.58,410.38,394.55,74.35,2960.0,1110.0,750.0,16660.0,0.02,0.48,0.0,0.0,0.02,0.0,0.48,0.15,0.0,0.03,0.06,0.0,0.02,0.73
MAB,mont albert,-37.82,145.11,2.0,0.0,0.0,0.0,0.0,0.0,0.0,26.0,0.32,60.47,684.79,236.41,133.31,35.02,1150.0,480.0,320.0,6550.0,0.0,0.3,0.01,0.01,0.0,0.0,0.68,0.17,0.0,0.07,0.06,0.02,0.0,0.68
LAB,laburnum,-37.82,145.14,2.0,0.0,0.0,0.0,0.0,0.0,0.0,40.0,0.35,80.18,627.66,240.9,316.68,34.59,1300.0,510.0,340.0,7350.0,0.0,0.26,0.0,0.02,0.05,0.0,0.68,0.27,0.18,0.04,0.08,0.01,0.04,0.4
BBN,blackburn,-37.82,145.15,2.0,22.0,0.0,1.0,10.0,0.0,0.0,107.0,1.41,360.29,2307.13,896.31,863.86,162.4,4590.0,2310.0,1600.0,26860.0,0.29,0.36,0.0,0.0,0.03,0.0,0.31,0.23,0.1,0.15,0.05,0.01,0.05,0.42
NWG,nunawading,-37.82,145.17,2.0,15.0,0.0,1.0,10.0,0.0,0.0,204.0,1.0,288.71,1889.69,726.43,666.49,138.68,3710.0,1520.0,1090.0,21160.0,0.21,0.34,0.0,0.0,0.0,0.0,0.44,0.16,0.01,0.09,0.04,0.0,0.02,0.68
MCH,mitcham,-37.82,145.19,2.0,44.0,0.0,1.0,1.0,0.0,0.0,801.0,0.93,338.01,1969.92,599.23,574.08,88.76,3570.0,1230.0,840.0,19920.0,0.19,0.53,0.03,0.0,0.01,0.0,0.24,0.21,0.05,0.07,0.02,0.01,0.0,0.64
HTD,heatherdale,-37.82,145.21,2.0,38.0,0.0,3.0,0.0,0.0,1.0,518.0,0.56,298.82,1377.97,280.6,210.56,32.06,2200.0,560.0,390.0,11950.0,0.1,0.54,0.0,0.0,0.01,0.0,0.35,0.15,0.0,0.02,0.04,0.01,0.02,0.76
RWD,ringwood,-37.82,145.23,2.0,28.0,0.0,2.0,0.0,0.0,1.0,303.0,1.63,483.19,2127.74,1426.6,1421.9,270.57,5730.0,3090.0,2110.0,33850.0,0.26,0.42,0.0,0.03,0.03,0.0,0.26,0.31,0.08,0.1,0.05,0.0,0.04,0.42
AUB,auburn,-37.82,145.05,3.0,6.0,0.0,0.0,6.0,0.0,0.0,0.0,0.64,79.63,964.46,472.15,584.07,109.69,2210.0,1240.0,820.0,13110.0,0.0,0.09,0.0,0.0,0.0,0.0,0.91,0.11,0.0,0.04,0.04,0.0,0.04,0.76
GFE,glenferrie,-37.82,145.04,3.0,8.0,0.0,0.0,8.0,0.0,0.0,0.0,2.86,116.74,1699.53,2876.22,5134.55,1062.96,10890.0,3420.0,2420.0,60290.0,0.0,0.05,0.01,0.0,0.16,0.04,0.75,0.5,0.01,0.05,0.06,0.0,0.05,0.33
HAW,hawthorn,-37.82,145.02,3.0,0.0,0.0,0.0,0.0,0.0,0.0,11.0,0.68,68.39,1008.79,456.0,807.52,109.29,2450.0,1010.0,680.0,13940.0,0.0,0.13,0.01,0.0,0.02,0.17,0.66,0.18,0.09,0.04,0.07,0.0,0.04,0.58
BLY,burnley,-37.83,145.01,5.0,0.0,0.0,0.0,0.0,0.0,0.0,4.0,0.72,74.15,926.39,421.66,830.66,207.14,2460.0,1480.0,1000.0,14780.0,0.0,0.04,0.02,0.0,0.22,0.07,0.64,0.16,0.04,0.01,0.2,0.01,0.0,0.59
ERM,east richmond,-37.83,145.0,4.0,0.0,0.0,0.0,0.0,0.0,0.0,0.0,0.53,26.59,364.42,297.92,1079.13,211.94,1980.0,570.0,330.0,10800.0,0.0,0.0,0.0,0.0,0.06,0.0,0.93,0.1,0.0,0.0,0.13,0.01,0.04,0.72
RMD,richmond,-37.82,144.99,8.0,0.0,0.0,0.0,0.0,0.0,0.0,0.0,3.34,164.05,1660.21,1588.34,3700.5,2256.9,9370.0,9900.0,6720.0,63470.0,0.02,0.02,0.02,0.0,0.61,0.12,0.22,0.15,0.03,0.14,0.06,0.0,0.07,0.55
HEY,heyington,-37.83,145.02,1.0,0.0,0.0,0.0,0.0,0.0,0.0,0.0,0.21,12.85,215.95,161.16,444.84,25.2,860.0,220.0,130.0,4650.0,0.0,0.06,0.0,0.0,0.04,0.0,0.9,0.04,0.16,0.0,0.02,0.0,0.03,0.74
KYG,kooyong,-37.84,145.03,1.0,0.0,0.0,0.0,0.0,0.0,0.0,70.0,0.32,29.11,391.17,269.59,404.24,55.89,1150.0,500.0,280.0,6530.0,0.0,0.15,0.02,0.0,0.05,0.05,0.73,0.42,0.07,0.05,0.05,0.01,0.03,0.36
TGA,tooronga,-37.85,145.04,1.0,8.0,0.0,0.0,8.0,0.0,0.0,189.0,0.65,92.78,990.65,402.65,744.96,108.96,2340.0,980.0,600.0,13280.0,0.0,0.19,0.0,0.0,0.01,0.0,0.79,0.1,0.16,0.05,0.1,0.0,0.2,0.38
GAR,gardiner,-37.85,145.05,1.0,29.0,0.0,1.0,0.0,0.0,1.0,229.0,0.43,75.59,765.74,278.43,255.95,54.3,1430.0,800.0,560.0,8510.0,0.0,0.33,0.0,0.0,0.0,0.06,0.61,0.19,0.16,0.05,0.13,0.0,0.01,0.45
SPG,springvale,-37.95,145.15,2.0,30.0,0.0,2.0,0.0,0.0,1.0,217.0,1.39,273.42,1595.87,1429.25,1138.28,253.17,4690.0,2890.0,2190.0,28530.0,0.43,0.27,0.0,0.0,0.07,0.0,0.22,0.3,0.01,0.02,0.07,0.0,0.13,0.46
WTL,westall,-37.94,145.14,2.0,45.0,0.0,3.0,16.0,0.0,1.0,274.0,0.59,181.14,803.52,445.81,461.18,88.35,1980.0,1310.0,870.0,12080.0,0.0,0.37,0.0,0.0,0.03,0.0,0.61,0.26,0.01,0.03,0.05,0.0,0.06,0.59
CLA,clayton,-37.92,145.12,2.0,8.0,0.0,0.0,8.0,0.0,0.0,298.0,1.5,284.67,1535.31,1378.45,1358.27,363.3,4920.0,3340.0,2330.0,30270.0,0.22,0.26,0.03,0.02,0.07,0.0,0.4,0.22,0.03,0.13,0.08,0.0,0.06,0.48
HUN,huntingdale,-37.91,145.1,2.0,64.0,0.0,0.0,14.0,0.0,1.0,657.0,1.67,391.46,2259.53,1333.77,1980.63,294.62,6260.0,1950.0,1260.0,34510.0,0.49,0.35,0.03,0.0,0.0,0.0,0.13,0.33,0.0,0.05,0.05,0.0,0.02,0.55
OAK,oakleigh,-37.9,145.09,2.0,47.0,0.0,1.0,16.0,0.0,1.0,339.0,2.04,488.41,2459.68,1503.48,1892.77,435.66,6780.0,3920.0,2860.0,40680.0,0.23,0.25,0.02,0.0,0.0,0.0,0.49,0.21,0.04,0.04,0.15,0.0,0.09,0.47
HUG,hughesdale,-37.89,145.08,2.0,0.0,0.0,0.0,0.0,0.0,0.0,0.0,0.55,102.23,926.22,417.64,339.67,84.24,1870.0,990.0,680.0,11020.0,0.1,0.24,0.01,0.0,0.01,0.0,0.64,0.24,0.0,0.05,0.1,0.0,0.06,0.54
MRB,murrumbeena,-37.89,145.07,2.0,0.0,0.0,0.0,0.0,0.0,0.0,0.0,0.8,208.11,1603.15,560.66,302.68,85.39,2760.0,1390.0,940.0,16130.0,0.03,0.31,0.0,0.0,0.0,0.0,0.66,0.13,0.0,0.06,0.11,0.0,0.07,0.63
CNE,carnegie,-37.89,145.06,2.0,0.0,0.0,0.0,0.0,0.0,0.0,0.0,0.95,176.35,1521.97,747.48,474.01,220.2,3140.0,1960.0,1360.0,19020.0,0.09,0.18,0.0,0.0,0.01,0.0,0.72,0.2,0.01,0.03,0.12,0.0,0.05,0.58
WER,werribee,-37.9,144.66,1.0,59.0,1.0,0.0,0.0,1.0,1.0,582.0,1.36,906.08,2346.02,949.82,595.04,113.03,4910.0,1870.0,1270.0,27690.0,0.2,0.52,0.0,0.0,0.02,0.0,0.27,0.26,0.02,0.08,0.06,0.01,0.03,0.55
HCG,hoppers crossing,-37.88,144.7,1.0,48.0,0.0,0.0,0.0,0.0,1.0,566.0,1.36,804.02,2555.45,933.74,605.01,101.78,5000.0,1700.0,1130.0,27830.0,0.37,0.45,0.01,0.01,0.0,0.0,0.16,0.19,0.03,0.06,0.03,0.0,0.06,0.63
LAV,laverton,-37.86,144.77,1.0,0.0,0.0,0.0,0.0,0.0,2.0,947.0,1.5,887.43,3030.24,931.61,515.29,115.43,5480.0,1730.0,1210.0,30340.0,0.19,0.65,0.02,0.01,0.01,0.0,0.12,0.28,0.01,0.05,0.03,0.0,0.02,0.61
ACF,aircraft,-37.87,144.76,1.0,0.0,0.0,0.0,0.0,0.0,0.0,201.0,0.2,106.9,332.24,130.37,120.32,20.17,710.0,330.0,240.0,4120.0,0.16,0.64,0.0,0.0,0.0,0.0,0.19,0.09,0.0,0.05,0.07,0.0,0.1,0.69
WTO,westona,-37.87,144.81,1.0,0.0,0.0,0.0,0.0,0.0,0.0,78.0,0.23,96.29,378.11,144.81,185.65,25.14,830.0,330.0,240.0,4720.0,0.03,0.27,0.11,0.0,0.01,0.0,0.58,0.11,0.0,0.17,0.2,0.0,0.02,0.49
ALT,altona,-37.87,144.83,1.0,8.0,0.0,0.0,8.0,0.0,0.0,0.0,0.31,132.88,442.01,217.26,152.24,55.62,1000.0,650.0,470.0,6120.0,0.13,0.29,0.01,0.01,0.0,0.0,0.56,0.13,0.01,0.08,0.16,0.01,0.03,0.59
SHE,seaholme,-37.87,144.84,1.0,0.0,0.0,0.0,0.0,0.0,0.0,7.0,0.1,37.56,201.4,63.43,33.03,14.59,350.0,190.0,130.0,2070.0,0.02,0.26,0.04,0.0,0.0,0.0,0.68,0.27,0.01,0.05,0.1,0.0,0.06,0.52
WTG,westgarth,-37.78,145.0,1.0,0.0,0.0,0.0,0.0,0.0,0.0,0.0,0.3,53.64,552.1,185.9,163.38,54.99,1010.0,560.0,370.0,5980.0,0.1,0.11,0.0,0.0,0.0,0.01,0.78,0.2,0.01,0.22,0.04,0.0,0.06,0.47
DEN,dennis,-37.78,145.01,1.0,0.0,0.0,0.0,0.0,0.0,0.0,36.0,0.37,74.99,771.66,228.77,183.43,41.15,1300.0,600.0,400.0,7500.0,0.06,0.27,0.02,0.0,0.0,0.0,0.65,0.17,0.0,0.04,0.07,0.01,0.03,0.69
FFD,fairfield,-37.78,145.02,1.0,12.0,0.0,0.0,12.0,0.0,0.0,106.0,0.64,152.04,1175.2,428.45,334.37,89.93,2180.0,1180.0,780.0,12860.0,0.05,0.21,0.01,0.0,0.0,0.0,0.73,0.11,0.0,0.03,0.08,0.0,0.15,0.63
ALP,alphington,-37.78,145.03,1.0,0.0,0.0,0.0,0.0,0.0,0.0,119.0,0.27,49.52,554.63,181.45,153.72,30.68,970.0,430.0,290.0,5570.0,0.0,0.23,0.0,0.0,0.0,0.0,0.77,0.09,0.0,0.03,0.06,0.0,0.05,0.77
DBN,darebin,-37.77,145.04,1.0,0.0,0.0,0.0,0.0,0.0,0.0,26.0,0.14,20.21,285.25,99.97,103.11,11.46,520.0,180.0,120.0,2900.0,0.0,0.48,0.02,0.01,0.01,0.0,0.48,0.05,0.02,0.05,0.09,0.01,0.31,0.47
IVA,ivanhoe,-37.77,145.05,1.0,16.0,0.0,0.0,16.0,0.0,0.0,297.0,0.84,244.83,1572.32,501.47,582.47,98.91,3000.0,1300.0,820.0,17120.0,0.1,0.25,0.01,0.0,0.01,0.0,0.63,0.25,0.0,0.06,0.12,0.0,0.03,0.53
EGT,eaglemont,-37.76,145.05,1.0,0.0,0.0,0.0,0.0,0.0,0.0,0.0,0.18,43.84,389.63,133.89,56.2,16.44,640.0,290.0,180.0,3670.0,0.0,0.46,0.01,0.0,0.01,0.0,0.52,0.16,0.01,0.07,0.06,0.02,0.1,0.58
HDB,heidelberg,-37.76,145.06,1.0,37.0,0.0,1.0,6.0,0.0,1.0,300.0,0.9,195.77,1031.23,674.53,1170.82,147.65,3220.0,1290.0,920.0,18310.0,0.08,0.25,0.01,0.0,0.0,0.0,0.66,0.11,0.02,0.04,0.11,0.01,0.12,0.59
ROS,rosanna,-37.74,145.07,1.0,0.0,0.0,0.0,0.0,0.0,0.0,0.0,0.53,204.44,1120.69,330.0,198.16,36.72,1890.0,830.0,540.0,10820.0,0.1,0.51,0.0,0.02,0.0,0.0,0.36,0.25,0.0,0.05,0.05,0.0,0.02,0.63
MRN,moorabbin,-37.93,145.04,1.0,14.0,0.0,0.0,14.0,0.0,0.0,30.0,0.55,105.37,547.52,527.17,624.05,105.88,1910.0,1030.0,680.0,11260.0,0.15,0.25,0.05,0.02,0.02,0.0,0.52,0.24,0.03,0.05,0.08,0.0,0.07,0.53
PAT,patterson,-37.93,145.04,1.0,0.0,0.0,0.0,0.0,0.0,0.0,48.0,0.21,55.79,340.01,156.48,183.85,23.87,760.0,360.0,230.0,4390.0,0.0,0.18,0.04,0.0,0.0,0.0,0.79,0.14,0.0,0.1,0.16,0.0,0.05,0.55
BEN,bentleigh,-37.92,145.04,1.0,0.0,0.0,0.0,0.0,0.0,1.0,205.0,0.79,189.22,1171.25,655.3,470.87,123.36,2610.0,1560.0,1110.0,15720.0,0.1,0.25,0.01,0.0,0.04,0.0,0.6,0.12,0.03,0.03,0.14,0.0,0.09,0.59
MCK,mckinnon,-37.91,145.04,1.0,0.0,0.0,0.0,0.0,0.0,1.0,51.0,0.46,103.22,909.46,317.88,235.46,53.98,1620.0,740.0,500.0,9340.0,0.05,0.24,0.01,0.0,0.0,0.0,0.71,0.2,0.01,0.03,0.05,0.0,0.07,0.63
OMD,ormond,-37.9,145.04,1.0,12.0,0.0,2.0,0.0,0.0,1.0,117.0,0.81,151.85,1335.13,607.94,547.8,137.28,2780.0,1460.0,990.0,16350.0,0.1,0.21,0.02,0.0,0.01,0.0,0.66,0.15,0.02,0.06,0.07,0.0,0.04,0.67
GHY,glenhuntly,-37.89,145.04,1.0,6.0,0.0,0.0,6.0,0.0,0.0,175.0,0.98,165.63,1524.2,820.47,576.56,153.14,3240.0,2020.0,1450.0,19670.0,0.0,0.12,0.01,0.0,0.0,0.1,0.77,0.09,0.0,0.07,0.13,0.0,0.05,0.66
CFD,caulfield,-37.88,145.04,3.0,39.0,0.0,1.0,10.0,0.0,1.0,147.0,3.34,285.11,2633.56,2701.12,4375.81,1364.39,11360.0,6750.0,4630.0,68180.0,0.05,0.15,0.01,0.0,0.18,0.11,0.51,0.33,0.0,0.03,0.09,0.0,0.06,0.48
MAL,malvern,-37.87,145.03,3.0,0.0,0.0,0.0,0.0,0.0,0.0,0.0,1.08,149.14,1373.26,849.8,1009.23,298.57,3680.0,2080.0,1410.0,21890.0,0.0,0.12,0.0,0.0,0.0,0.11,0.77,0.08,0.0,0.08,0.04,0.0,0.09,0.71
ARM,armadale,-37.86,145.02,3.0,0.0,0.0,0.0,0.0,0.0,0.0,0.0,0.61,85.33,953.29,438.97,480.29,112.12,2070.0,1240.0,780.0,12370.0,0.0,0.08,0.0,0.01,0.0,0.13,0.79,0.13,0.0,0.03,0.06,0.0,0.03,0.75
TOR,toorak,-37.85,145.01,3.0,0.0,0.0,0.0,0.0,0.0,0.0,0.0,0.45,61.08,695.11,323.73,424.28,85.8,1590.0,820.0,510.0,9280.0,0.01,0.11,0.0,0.0,0.01,0.13,0.74,0.11,0.0,0.0,0.05,0.0,0.04,0.8
HKN,hawksburn,-37.84,145.0,3.0,0.0,0.0,0.0,0.0,0.0,0.0,0.0,0.51,81.64,850.94,350.54,298.12,98.76,1680.0,1070.0,690.0,10160.0,0.0,0.2,0.01,0.0,0.0,0.0,0.8,0.1,0.0,0.04,0.21,0.0,0.0,0.65
SHM,sandringham,-37.95,145.0,1.0,6.0,1.0,0.0,0.0,0.0,1.0,122.0,0.68,171.36,1203.5,460.17,343.84,101.13,2280.0,1380.0,910.0,13690.0,0.1,0.46,0.05,0.0,0.01,0.0,0.39,0.21,0.0,0.03,0.08,0.02,0.05,0.61
HAM,hampton,-37.94,145.0,1.0,5.0,0.0,0.0,5.0,0.0,0.0,167.0,0.45,75.92,797.75,324.23,247.51,74.58,1520.0,850.0,550.0,9000.0,0.07,0.23,0.03,0.0,0.02,0.0,0.65,0.18,0.0,0.04,0.15,0.01,0.0,0.62
BBH,brighton beach,-37.93,144.99,1.0,47.0,0.0,0.0,22.0,0.0,1.0,170.0,0.5,131.87,847.18,284.64,300.84,65.48,1630.0,990.0,750.0,9890.0,0.0,0.67,0.04,0.0,0.01,0.0,0.28,0.17,0.02,0.02,0.14,0.0,0.05,0.6
MBN,middle brighton,-37.92,145.0,1.0,0.0,0.0,0.0,0.0,0.0,0.0,120.0,0.66,87.9,1030.4,473.39,496.27,152.05,2240.0,1270.0,870.0,13340.0,0.06,0.25,0.01,0.05,0.0,0.0,0.63,0.15,0.02,0.04,0.06,0.01,0.03,0.68
NBN,north brighton,-37.9,145.0,1.0,0.0,0.0,0.0,0.0,0.0,0.0,105.0,0.65,102.7,1148.58,461.01,432.04,125.67,2270.0,1140.0,730.0,13220.0,0.06,0.3,0.02,0.06,0.0,0.0,0.57,0.13,0.0,0.07,0.05,0.0,0.07,0.68
GVE,gardenvale,-37.9,145.0,1.0,0.0,0.0,0.0,0.0,0.0,0.0,0.0,0.47,62.42,857.01,342.84,335.45,72.28,1670.0,810.0,500.0,9660.0,0.12,0.11,0.01,0.02,0.0,0.0,0.74,0.16,0.0,0.08,0.11,0.01,0.04,0.61
ELS,elsternwick,-37.88,145.0,1.0,9.0,0.0,1.0,4.0,0.0,0.0,156.0,1.07,188.36,1740.05,742.58,733.75,245.26,3650.0,2040.0,1330.0,21620.0,0.05,0.23,0.0,0.0,0.02,0.19,0.51,0.14,0.03,0.07,0.08,0.01,0.02,0.65
RIP,ripponlea,-37.88,145.0,1.0,4.0,0.0,0.0,4.0,0.0,0.0,0.0,0.73,119.78,1333.93,506.16,411.94,118.2,2490.0,1360.0,890.0,14700.0,0.01,0.14,0.0,0.0,0.0,0.0,0.85,0.22,0.03,0.02,0.15,0.0,0.01,0.56
BCV,balaclava,-37.87,144.99,1.0,0.0,0.0,0.0,0.0,0.0,0.0,0.0,1.11,184.55,1673.54,785.9,755.41,250.61,3650.0,2200.0,1530.0,21980.0,0.0,0.07,0.01,0.0,0.0,0.1,0.82,0.18,0.01,0.05,0.07,0.01,0.06,0.62
WIN,windsor,-37.86,144.99,1.0,0.0,0.0,0.0,0.0,0.0,0.0,0.0,1.05,140.97,1521.38,682.51,1027.47,317.68,3690.0,1920.0,1220.0,21590.0,0.01,0.02,0.02,0.0,0.03,0.16,0.77,0.05,0.0,0.13,0.07,0.0,0.04,0.72
PRA,prahran,-37.85,144.99,1.0,34.0,0.0,0.0,8.0,0.0,1.0,0.0,1.29,102.61,1147.4,944.06,1905.01,430.93,4530.0,2200.0,1380.0,26230.0,0.01,0.01,0.0,0.0,0.01,0.03,0.94,0.14,0.0,0.06,0.33,0.0,0.02,0.46
SYR,south yarra,-37.84,144.99,4.0,0.0,0.0,0.0,0.0,0.0,0.0,0.0,3.94,295.33,3671.43,2725.58,5344.12,1393.54,13430.0,7800.0,5260.0,80210.0,0.0,0.04,0.02,0.0,0.4,0.09,0.45,0.19,0.01,0.09,0.11,0.0,0.07,0.54
UFD,upfield,-37.67,144.95,1.0,0.0,0.0,0.0,0.0,0.0,0.0,211.0,0.26,68.11,284.58,230.53,264.86,41.91,890.0,460.0,330.0,5240.0,0.13,0.28,0.09,0.05,0.0,0.0,0.46,0.44,0.0,0.07,0.13,0.0,0.0,0.35
GOW,gowrie,-37.7,144.96,1.0,4.0,0.0,0.0,4.0,0.0,0.0,118.0,0.17,55.47,199.5,169.18,100.12,25.73,550.0,380.0,260.0,3390.0,0.08,0.21,0.02,0.02,0.01,0.0,0.66,0.17,0.02,0.17,0.19,0.02,0.03,0.39
FAK,fawkner,-37.71,144.96,1.0,26.0,0.0,0.0,0.0,0.0,1.0,76.0,0.19,72.82,304.54,142.89,102.79,26.97,650.0,350.0,250.0,3850.0,0.03,0.41,0.01,0.02,0.05,0.0,0.5,0.26,0.07,0.12,0.03,0.0,0.04,0.48
MYN,merlynston,-37.72,144.96,1.0,8.0,0.0,0.0,8.0,0.0,0.0,218.0,0.36,129.3,655.3,283.24,146.87,35.3,1250.0,620.0,440.0,7310.0,0.03,0.43,0.0,0.0,0.0,0.0,0.54,0.21,0.0,0.09,0.08,0.01,0.02,0.59
BAT,batman,-37.73,144.96,1.0,0.0,0.0,0.0,0.0,0.0,0.0,0.0,0.28,71.53,430.72,194.73,200.6,42.42,940.0,510.0,350.0,5560.0,0.06,0.13,0.02,0.0,0.0,0.01,0.78,0.18,0.01,0.02,0.07,0.0,0.04,0.68
COB,coburg,-37.74,144.96,1.0,50.0,0.0,2.0,16.0,0.0,1.0,350.0,0.65,166.59,925.33,573.22,402.17,102.68,2170.0,1320.0,880.0,13050.0,0.22,0.24,0.0,0.0,0.01,0.01,0.53,0.21,0.01,0.05,0.1,0.0,0.04,0.59
MLD,moreland,-37.75,144.96,1.0,0.0,0.0,0.0,0.0,0.0,0.0,196.0,0.34,79.28,511.59,273.09,202.62,63.43,1130.0,680.0,470.0,6800.0,0.02,0.14,0.03,0.01,0.0,0.05,0.75,0.16,0.0,0.06,0.11,0.04,0.01,0.62
ASY,anstey,-37.76,144.96,1.0,0.0,0.0,0.0,0.0,0.0,0.0,0.0,0.37,92.56,575.96,269.92,202.57,68.98,1210.0,830.0,540.0,7420.0,0.03,0.09,0.04,0.0,0.0,0.0,0.84,0.1,0.02,0.07,0.09,0.0,0.06,0.66
BWK,brunswick,-37.77,144.96,1.0,0.0,0.0,0.0,0.0,0.0,0.0,7.0,0.35,54.26,414.07,264.29,322.02,95.37,1150.0,780.0,550.0,7080.0,0.04,0.07,0.03,0.0,0.01,0.0,0.86,0.15,0.0,0.05,0.12,0.0,0.09,0.58
JWL,jewell,-37.77,144.96,1.0,0.0,0.0,0.0,0.0,0.0,0.0,0.0,0.42,61.34,451.92,340.19,425.37,111.18,1390.0,890.0,670.0,8510.0,0.0,0.06,0.01,0.0,0.02,0.0,0.91,0.31,0.0,0.05,0.12,0.01,0.05,0.47
RPK,royal park,-37.78,144.95,1.0,0.0,0.0,0.0,0.0,0.0,0.0,0.0,0.31,23.06,165.57,267.97,380.64,42.77,880.0,750.0,620.0,5770.0,0.04,0.02,0.0,0.0,0.0,0.17,0.77,0.19,0.01,0.08,0.18,0.0,0.01,0.53
FBD,flemington bridge,-37.79,144.94,1.0,0.0,0.0,0.0,0.0,0.0,0.0,0.0,0.23,40.94,261.39,188.33,186.11,53.22,730.0,560.0,370.0,4580.0,0.0,0.01,0.0,0.0,0.0,0.06,0.93,0.23,0.02,0.11,0.09,0.0,0.06,0.49
MAC,macaulay,-37.79,144.94,1.0,0.0,0.0,0.0,0.0,0.0,0.0,0.0,0.2,22.71,150.29,158.0,288.45,50.54,670.0,370.0,250.0,3970.0,0.0,0.0,0.0,0.0,0.0,0.0,1.0,0.18,0.0,0.09,0.08,0.0,0.22,0.43
NME,north melbourne,-37.81,144.94,6.0,0.0,0.0,0.0,0.0,0.0,0.0,0.0,1.48,90.59,681.08,1077.17,2832.33,388.83,5070.0,2570.0,1810.0,29730.0,0.12,0.02,0.01,0.0,0.71,0.0,0.13,0.24,0.01,0.08,0.05,0.0,0.07,0.55
CHL,clifton hill,-37.79,145.0,2.0,26.0,0.0,0.0,0.0,0.0,1.0,90.0,0.96,154.25,1318.39,663.71,666.11,237.53,3040.0,2290.0,1690.0,19180.0,0.01,0.14,0.02,0.0,0.38,0.0,0.45,0.13,0.01,0.07,0.1,0.02,0.05,0.62
VPK,victoria park,-37.8,144.99,2.0,0.0,0.0,0.0,0.0,0.0,0.0,0.0,0.59,48.16,500.14,381.57,891.65,198.48,2020.0,1050.0,740.0,11890.0,0.01,0.03,0.0,0.0,0.04,0.0,0.92,0.18,0.01,0.05,0.09,0.01,0.06,0.6
CWD,collingwood,-37.8,144.99,2.0,0.0,0.0,0.0,0.0,0.0,0.0,0.0,0.38,32.31,317.6,263.02,647.64,99.43,1360.0,670.0,440.0,7910.0,0.0,0.02,0.0,0.0,0.0,0.0,0.98,0.2,0.0,0.04,0.13,0.01,0.13,0.48
NRM,north richmond,-37.81,144.99,2.0,0.0,0.0,0.0,0.0,0.0,0.0,0.0,0.77,63.24,458.13,551.86,1133.02,323.75,2530.0,1560.0,1250.0,15460.0,0.0,0.03,0.01,0.0,0.06,0.23,0.67,0.15,0.0,0.05,0.09,0.01,0.08,0.62
WRM,west richmond,-37.81,144.99,2.0,0.0,0.0,0.0,0.0,0.0,0.0,0.0,0.4,39.8,362.73,313.6,503.75,140.12,1360.0,750.0,490.0,8040.0,0.0,0.02,0.0,0.0,0.0,0.0,0.98,0.06,0.0,0.25,0.15,0.0,0.12,0.42
JLI,jolimont-mcg,-37.82,144.98,2.0,0.0,0.0,0.0,0.0,0.0,0.0,0.0,0.8,26.4,212.24,328.32,967.46,515.58,2050.0,2640.0,2000.0,14890.0,0.0,0.0,0.06,0.0,0.02,0.21,0.7,0.03,0.0,0.11,0.07,0.01,0.14,0.64
MCD,macleod,-37.73,145.07,1.0,0.0,0.0,0.0,0.0,0.0,0.0,102.0,0.5,168.78,899.37,355.23,324.85,51.77,1800.0,800.0,530.0,10330.0,0.07,0.26,0.0,0.0,0.01,0.0,0.65,0.18,0.0,0.19,0.04,0.0,0.02,0.57
WAT,watsonia,-37.71,145.08,1.0,35.0,0.0,1.0,4.0,0.0,1.0,534.0,0.67,407.37,1409.8,300.85,230.73,41.24,2390.0,1010.0,650.0,13610.0,0.04,0.59,0.0,0.0,0.0,0.0,0.37,0.17,0.0,0.05,0.1,0.0,0.07,0.61
GRN,greensborough,-37.7,145.11,1.0,34.0,0.0,0.0,8.0,0.0,1.0,212.0,0.76,453.91,1316.61,470.29,336.22,72.97,2650.0,1330.0,850.0,15430.0,0.26,0.44,0.01,0.01,0.0,0.0,0.27,0.2,0.03,0.03,0.07,0.0,0.06,0.61
MMY,montmorency,-37.72,145.12,1.0,0.0,0.0,0.0,0.0,0.0,0.0,93.0,0.29,146.12,603.83,159.11,101.7,19.23,1030.0,440.0,290.0,5880.0,0.01,0.49,0.02,0.02,0.0,0.0,0.47,0.13,0.02,0.15,0.09,0.0,0.04,0.58
ELT,eltham,-37.71,145.15,1.0,9.0,1.0,0.0,8.0,0.0,0.0,397.0,0.58,289.61,1036.32,338.78,374.65,50.64,2090.0,880.0,570.0,11900.0,0.09,0.48,0.0,0.0,0.02,0.0,0.4,0.23,0.0,0.02,0.16,0.0,0.04,0.55
DCK,diamond creek,-37.67,145.16,1.0,0.0,0.0,0.0,0.0,0.0,0.0,30.0,0.17,115.88,329.75,98.77,66.88,18.71,630.0,270.0,170.0,3590.0,0.0,0.34,0.03,0.0,0.0,0.0,0.64,0.3,0.0,0.1,0.13,0.0,0.06,0.42
WTT,wattle glen,-37.66,145.18,1.0,0.0,0.0,0.0,0.0,0.0,0.0,53.0,0.05,29.03,118.38,20.0,10.08,2.51,180.0,60.0,40.0,1000.0,0.0,0.41,0.0,0.08,0.01,0.0,0.51,0.42,0.0,0.13,0.04,0.0,0.01,0.41
HBE,hurstbridge,-37.64,145.19,1.0,0.0,0.0,0.0,0.0,0.0,0.0,75.0,0.13,83.77,272.21,72.81,35.05,6.17,470.0,200.0,160.0,2710.0,0.0,0.61,0.02,0.01,0.0,0.0,0.37,0.26,0.0,0.02,0.08,0.0,0.03,0.62
WIL,williamstown,-37.87,144.91,1.0,4.0,0.0,0.0,4.0,0.0,0.0,13.0,0.16,25.57,190.19,134.15,137.77,32.32,520.0,340.0,290.0,3230.0,0.0,0.08,0.02,0.0,0.01,0.0,0.89,0.08,0.0,0.03,0.19,0.03,0.01,0.66
WBH,williamstown beach,-37.86,144.89,1.0,0.0,0.0,0.0,0.0,0.0,0.0,74.0,0.16,38.29,261.02,136.99,112.3,21.39,570.0,270.0,200.0,3320.0,0.0,0.07,0.0,0.0,0.0,0.0,0.92,0.25,0.0,0.07,0.09,0.0,0.15,0.44
NWN,north williamstown,-37.86,144.89,1.0,8.0,0.0,0.0,8.0,0.0,0.0,39.0,0.32,101.66,546.14,251.98,182.23,37.98,1120.0,480.0,330.0,6410.0,0.05,0.18,0.0,0.0,0.0,0.0,0.77,0.24,0.03,0.03,0.21,0.01,0.02,0.46
NPT,newport,-37.84,144.88,2.0,25.0,0.0,0.0,0.0,0.0,1.0,310.0,1.16,318.62,2153.47,808.97,607.59,171.34,4060.0,1920.0,1280.0,23500.0,0.06,0.46,0.02,0.0,0.09,0.0,0.37,0.21,0.05,0.03,0.05,0.01,0.03,0.62
SPT,spotswood,-37.83,144.89,2.0,0.0,0.0,0.0,0.0,0.0,0.0,25.0,0.28,68.38,410.08,227.25,188.66,35.63,930.0,520.0,350.0,5520.0,0.0,0.32,0.02,0.01,0.0,0.0,0.65,0.13,0.01,0.03,0.15,0.0,0.04,0.64
YVE,yarraville,-37.82,144.89,2.0,22.0,0.0,0.0,0.0,0.0,1.0,0.0,0.91,186.24,1565.87,684.52,444.01,169.36,3050.0,1690.0,1150.0,18090.0,0.1,0.18,0.02,0.0,0.0,0.0,0.7,0.16,0.01,0.03,0.15,0.01,0.05,0.61
SEN,seddon,-37.81,144.9,2.0,0.0,0.0,0.0,0.0,0.0,0.0,0.0,0.46,114.72,910.12,330.48,186.67,58.01,1600.0,760.0,500.0,9260.0,0.01,0.12,0.01,0.0,0.0,0.0,0.86,0.14,0.02,0.07,0.07,0.0,0.02,0.69
WGS,watergardens,-37.7,144.77,1.0,61.0,1.0,1.0,0.0,0.0,1.0,0.0,1.35,653.63,2802.05,992.81,511.99,119.53,5080.0,1790.0,1250.0,28440.0,0.2,0.52,0.0,0.0,0.05,0.0,0.23,0.24,0.01,0.03,0.09,0.01,0.08,0.54
KPL,keilor plains,-37.73,144.79,1.0,0.0,0.0,0.0,0.0,0.0,0.0,636.0,0.56,290.97,1201.78,404.21,157.9,45.14,2100.0,760.0,560.0,11820.0,0.23,0.39,0.01,0.04,0.0,0.0,0.32,0.3,0.0,0.04,0.07,0.0,0.02,0.56
SAB,st albans,-37.74,144.8,1.0,42.0,0.0,4.0,0.0,0.0,1.0,235.0,1.0,307.09,1290.48,1173.73,691.01,127.69,3590.0,1690.0,1200.0,20840.0,0.11,0.29,0.0,0.01,0.0,0.0,0.59,0.46,0.01,0.04,0.04,0.0,0.04,0.41
GIN,ginifer,-37.76,144.81,1.0,42.0,0.0,4.0,0.0,0.0,1.0,340.0,0.57,182.21,999.82,561.79,284.22,61.96,2090.0,980.0,700.0,12130.0,0.13,0.36,0.0,0.0,0.0,0.0,0.51,0.27,0.0,0.03,0.17,0.0,0.04,0.49
ALB,albion,-37.78,144.82,1.0,8.0,0.0,0.0,8.0,0.0,0.0,673.0,0.8,393.86,1730.51,572.45,308.6,74.58,3080.0,960.0,660.0,17020.0,0.07,0.56,0.0,0.0,0.0,0.0,0.37,0.25,0.0,0.03,0.09,0.0,0.04,0.58
EPP,epping,-37.65,145.03,1.0,25.0,1.0,0.0,4.0,0.0,0.0,263.0,0.72,332.18,939.08,570.14,649.16,99.45,2590.0,1180.0,780.0,14910.0,0.21,0.37,0.02,0.02,0.01,0.0,0.38,0.37,0.0,0.05,0.03,0.0,0.05,0.5
LAL,lalor,-37.67,145.02,1.0,12.0,0.0,1.0,4.0,0.0,0.0,417.0,0.49,286.67,997.52,315.8,148.43,31.58,1780.0,660.0,440.0,10000.0,0.14,0.55,0.0,0.0,0.0,0.0,0.3,0.25,0.0,0.06,0.11,0.0,0.04,0.54
TSN,thomastown,-37.68,145.01,1.0,25.0,1.0,0.0,4.0,0.0,0.0,310.0,0.79,346.91,1293.49,641.23,359.16,89.21,2730.0,1470.0,980.0,16100.0,0.14,0.5,0.0,0.0,0.0,0.0,0.36,0.22,0.0,0.09,0.1,0.0,0.1,0.48
KPK,keon park,-37.69,145.01,1.0,0.0,0.0,0.0,0.0,0.0,0.0,154.0,0.29,77.27,389.26,229.84,282.95,50.69,1030.0,480.0,320.0,5950.0,0.3,0.32,0.01,0.0,0.01,0.0,0.37,0.2,0.0,0.04,0.08,0.0,0.0,0.67
RUT,ruthven,-37.71,145.01,1.0,0.0,0.0,0.0,0.0,0.0,0.0,125.0,0.21,81.09,347.87,160.77,68.43,21.83,680.0,420.0,300.0,4120.0,0.0,0.37,0.02,0.0,0.0,0.0,0.61,0.18,0.0,0.01,0.11,0.0,0.05,0.64
RES,reservoir,-37.72,145.01,1.0,38.0,0.0,0.0,12.0,0.0,1.0,495.0,1.18,446.46,1848.07,913.38,649.14,152.95,4010.0,2150.0,1470.0,23670.0,0.18,0.37,0.01,0.0,0.01,0.0,0.44,0.25,0.04,0.05,0.09,0.0,0.04,0.54
REG,regent,-37.73,145.0,1.0,0.0,0.0,0.0,0.0,0.0,0.0,215.0,0.45,171.48,864.9,286.66,180.75,46.21,1550.0,780.0,520.0,9050.0,0.09,0.25,0.0,0.0,0.0,0.0,0.66,0.14,0.0,0.07,0.08,0.0,0.02,0.69
PRE,preston,-37.74,145.0,1.0,32.0,0.0,1.0,0.0,0.0,1.0,261.0,0.86,172.72,897.41,871.32,715.8,182.75,2840.0,2010.0,1140.0,17350.0,0.06,0.23,0.0,0.0,0.02,0.01,0.67,0.23,0.0,0.11,0.06,0.0,0.04,0.55
BEL,bell,-37.75,145.0,1.0,0.0,0.0,0.0,0.0,0.0,0.0,75.0,0.43,95.75,563.26,346.55,351.22,83.21,1440.0,890.0,630.0,8720.0,0.04,0.11,0.02,0.01,0.0,0.0,0.83,0.21,0.0,0.05,0.09,0.02,0.1,0.53
TBY,thornbury,-37.76,145.0,1.0,0.0,0.0,0.0,0.0,0.0,0.0,0.0,0.47,116.66,809.48,341.72,242.31,69.82,1580.0,940.0,600.0,9440.0,0.02,0.1,0.05,0.03,0.0,0.16,0.64,0.13,0.0,0.05,0.1,0.0,0.08,0.63
CXT,croxton,-37.76,145.0,1.0,0.0,0.0,0.0,0.0,0.0,0.0,0.0,0.31,72.26,577.84,204.64,130.34,44.91,1030.0,610.0,400.0,6160.0,0.01,0.15,0.01,0.0,0.0,0.0,0.84,0.16,0.0,0.06,0.17,0.0,0.03,0.59
NCE,northcote,-37.77,145.0,1.0,0.0,0.0,0.0,0.0,0.0,0.0,5.0,0.33,47.22,426.86,245.96,302.72,77.25,1100.0,690.0,460.0,6650.0,0.05,0.06,0.0,0.0,0.02,0.0,0.86,0.1,0.0,0.04,0.44,0.0,0.01,0.4
MER,merri,-37.78,144.99,1.0,0.0,0.0,0.0,0.0,0.0,0.0,6.0,0.18,24.34,259.57,131.72,169.12,35.24,620.0,320.0,210.0,3630.0,0.0,0.03,0.0,0.0,0.01,0.0,0.96,0.08,0.0,0.03,0.15,0.0,0.08,0.65
RUS,rushall,-37.78,144.99,1.0,0.0,0.0,0.0,0.0,0.0,0.0,5.0,0.15,18.61,191.65,122.82,138.04,28.88,500.0,300.0,210.0,3010.0,0.03,0.02,0.07,0.0,0.03,0.0,0.86,0.29,0.0,0.02,0.08,0.0,0.19,0.42
SUN,sunshine,-37.79,144.83,1.0,56.0,0.0,2.0,0.0,0.0,2.0,494.0,1.6,396.56,2391.81,1784.24,1271.77,225.61,6070.0,2650.0,1910.0,34910.0,0.18,0.37,0.02,0.0,0.05,0.0,0.39,0.25,0.01,0.04,0.05,0.0,0.01,0.63
TOT,tottenham,-37.8,144.86,1.0,5.0,0.0,1.0,0.0,0.0,0.0,237.0,0.41,118.89,694.74,371.05,278.18,67.14,1530.0,690.0,520.0,8860.0,0.0,0.34,0.02,0.0,0.04,0.0,0.6,0.25,0.03,0.03,0.07,0.01,0.06,0.56
WFY,west footscray,-37.8,144.89,1.0,42.0,0.0,2.0,0.0,0.0,2.0,410.0,0.45,121.43,987.56,336.2,225.74,59.07,1730.0,690.0,470.0,9810.0,0.01,0.3,0.01,0.0,0.0,0.0,0.68,0.13,0.0,0.12,0.04,0.0,0.04,0.67
MFY,middle footscray,-37.8,144.89,1.0,0.0,0.0,0.0,0.0,0.0,0.0,0.0,0.19,40.14,326.07,179.34,124.77,39.69,710.0,370.0,250.0,4170.0,0.03,0.02,0.0,0.0,0.02,0.0,0.93,0.19,0.03,0.07,0.05,0.0,0.04,0.62
FSY,footscray,-37.8,144.9,3.0,49.0,0.0,4.0,0.0,0.0,1.0,161.0,3.77,451.86,3501.24,3887.66,3929.48,879.76,12650.0,7450.0,4990.0,75690.0,0.14,0.16,0.01,0.0,0.15,0.05,0.49,0.37,0.01,0.07,0.07,0.01,0.1,0.38
SKN,south kensington,-37.8,144.93,2.0,0.0,0.0,0.0,0.0,0.0,0.0,6.0,0.34,50.02,559.23,264.6,217.28,48.87,1140.0,610.0,410.0,6720.0,0.0,0.16,0.02,0.0,0.0,0.0,0.81,0.15,0.0,0.08,0.01,0.0,0.04,0.72
BMS,broadmeadows,-37.68,144.92,1.0,33.0,0.0,0.0,8.0,0.0,1.0,210.0,0.78,142.59,624.57,874.96,872.55,145.33,2660.0,1450.0,1040.0,15790.0,0.31,0.21,0.0,0.09,0.06,0.0,0.31,0.24,0.04,0.1,0.13,0.03,0.07,0.39
JAC,jacana,-37.7,144.92,1.0,0.0,0.0,0.0,0.0,0.0,0.0,0.0,0.08,28.87,84.59,78.58,43.02,14.94,250.0,200.0,160.0,1610.0,0.0,0.1,0.01,0.02,0.06,0.0,0.81,0.28,0.0,0.12,0.14,0.0,0.16,0.3
GRY,glenroy,-37.7,144.92,1.0,25.0,1.0,0.0,0.0,0.0,0.0,618.0,1.1,398.41,1811.74,934.76,540.86,124.22,3810.0,1810.0,1260.0,22120.0,0.07,0.32,0.0,0.01,0.03,0.0,0.57,0.27,0.0,0.04,0.13,0.0,0.03,0.52
OKP,oak park,-37.72,144.92,1.0,0.0,0.0,0.0,0.0,0.0,0.0,36.0,0.45,151.86,881.74,330.06,166.13,40.21,1570.0,740.0,510.0,9100.0,0.01,0.31,0.0,0.0,0.0,0.0,0.67,0.15,0.0,0.12,0.05,0.0,0.03,0.65
PVL,pascoe vale,-37.73,144.93,1.0,0.0,0.0,0.0,0.0,0.0,0.0,122.0,0.52,174.63,1113.89,323.34,169.79,48.35,1830.0,820.0,540.0,10510.0,0.0,0.32,0.03,0.0,0.01,0.0,0.64,0.21,0.01,0.03,0.07,0.01,0.02,0.65
SME,strathmore,-37.74,144.93,1.0,0.0,0.0,0.0,0.0,0.0,0.0,99.0,0.36,102.07,763.14,228.04,203.65,43.1,1340.0,500.0,310.0,7510.0,0.0,0.52,0.0,0.0,0.0,0.0,0.47,0.17,0.0,0.03,0.02,0.0,0.03,0.75
GBV,glenbervie,-37.75,144.92,1.0,0.0,0.0,0.0,0.0,0.0,0.0,63.0,0.34,117.44,782.09,186.54,108.8,25.13,1220.0,470.0,310.0,6880.0,0.02,0.53,0.0,0.01,0.0,0.0,0.44,0.16,0.0,0.05,0.14,0.0,0.03,0.62
ESD,essendon,-37.76,144.92,1.0,22.0,0.0,1.0,12.0,0.0,0.0,499.0,1.6,527.39,3082.37,997.03,903.87,169.35,5680.0,2480.0,1560.0,32440.0,0.36,0.29,0.0,0.01,0.01,0.15,0.19,0.27,0.01,0.06,0.13,0.0,0.03,0.5
MPD,moonee ponds,-37.77,144.92,1.0,0.0,0.0,0.0,0.0,0.0,0.0,107.0,0.78,152.39,1133.8,606.11,659.47,158.23,2710.0,1420.0,870.0,15840.0,0.07,0.18,0.01,0.0,0.02,0.01,0.72,0.11,0.16,0.02,0.14,0.0,0.05,0.51
ASV,ascot vale,-37.78,144.92,1.0,0.0,0.0,0.0,0.0,0.0,0.0,0.0,0.56,139.99,1136.1,373.15,232.49,68.27,1950.0,940.0,620.0,11310.0,0.02,0.26,0.0,0.0,0.0,0.08,0.64,0.12,0.0,0.05,0.07,0.0,0.06,0.7
NKT,newmarket,-37.79,144.93,2.0,16.0,0.0,0.0,16.0,0.0,0.0,0.0,0.85,147.76,1431.17,636.45,487.92,176.7,2880.0,1660.0,1130.0,17190.0,0.0,0.08,0.01,0.0,0.01,0.08,0.82,0.16,0.0,0.06,0.03,0.0,0.1,0.64
KEN,kensington,-37.79,144.93,2.0,0.0,0.0,0.0,0.0,0.0,0.0,0.0,0.55,95.04,912.93,414.89,330.77,86.36,1840.0,1120.0,740.0,11060.0,0.11,0.12,0.0,0.0,0.0,0.0,0.76,0.11,0.02,0.03,0.13,0.0,0.01,0.71
BOX,box hill,-37.82,145.12,2.0,10.0,0.0,0.0,10.0,0.0,0.0,507.0,3.25,474.06,3324.38,3033.89,3707.21,630.45,11170.0,6250.0,4490.0,66590.0,0.26,0.14,0.0,0.0,0.1,0.03,0.47,0.21,0.0,0.05,0.12,0.0,0.08,0.54
SSS,southern cross,-37.82,144.95,16.0,0.0,0.0,0.0,0.0,0.0,0.0,0.0,17.09,453.76,3200.1,8707.53,40403.33,7255.28,60020.0,24460.0,19640.0,344200.0,0.04,0.01,0.0,0.01,0.17,0.06,0.71,0.1,0.02,0.03,0.07,0.01,0.07,0.71
RXP,roxburgh park,-37.64,144.94,1.0,25.0,0.0,0.0,0.0,0.0,1.0,347.0,0.45,181.37,903.79,305.87,194.89,44.09,1630.0,610.0,410.0,9170.0,0.25,0.57,0.01,0.0,0.03,0.0,0.14,0.32,0.0,0.07,0.06,0.0,0.04,0.51
CGB,craigieburn,-37.6,144.94,1.0,6.0,0.0,0.0,6.0,0.0,0.0,529.0,0.82,597.53,1391.31,538.02,259.29,73.85,2860.0,1400.0,950.0,16650.0,0.2,0.48,0.0,0.0,0.03,0.0,0.29,0.21,0.03,0.09,0.13,0.0,0.02,0.52
CLO,coolaroo,-37.66,144.93,1.0,0.0,0.0,0.0,0.0,0.0,0.0,486.0,0.24,74.27,499.89,223.36,72.9,19.58,890.0,310.0,230.0,4990.0,0.0,0.0,0.0,0.0,0.0,0.0,0.0,0.0,0.0,0.0,0.0,0.0,0.0,0.0
LBK,lynbrook,-38.06,145.25,1.0,21.0,1.0,0.0,0.0,0.0,0.0,229.0,0.34,218.69,758.48,191.96,84.29,16.57,1270.0,370.0,260.0,6980.0,0.07,0.39,0.0,0.0,0.02,0.0,0.53,0.31,0.0,0.05,0.04,0.0,0.01,0.58
CDA,cardinia road,-38.07,145.44,1.0,21.0,1.0,0.0,0.0,0.0,0.0,328.0,0.25,258.68,406.36,135.36,75.25,24.35,900.0,340.0,230.0,5070.0,0.01,0.51,0.02,0.0,0.01,0.0,0.45,0.35,0.0,0.09,0.04,0.0,0.04,0.48
SMG,south morang,-37.65,145.07,1.0,21.0,1.0,0.0,0.0,0.0,0.0,909.0,0.93,681.52,1561.65,532.58,383.06,91.19,3250.0,1620.0,1050.0,18920.0,0.17,0.62,0.0,0.0,0.0,0.0,0.2,0.24,0.0,0.04,0.1,0.0,0.05,0.57
WLD,williams landing,-37.87,144.75,1.0,46.0,0.0,0.0,0.0,0.0,1.0,666.0,0.81,388.5,1739.39,523.75,256.07,52.29,2960.0,1050.0,700.0,16550.0,0.0,0.0,0.0,0.0,0.0,0.0,0.0,0.0,0.0,0.0,0.0,0.0,0.0,0.0
